{
   "grid_size" : [ 1603.589843750, 1603.590087890625 ],
   "grid_steps" : [ 225.0, 225.0 ],
   "grid_zero" : [ 1589.945068359375, 2319.864990234375 ],
   "hud_type" : 1,
   "map_generation" : 4,
   "map_max" : [ 4096.0, 4096.0 ],
   "map_min" : [ 0.0, 0.0 ],
   "valid" : true
}
