{
   "grid_size" : [ 1200.0, 1200.0 ],
   "grid_steps" : [ 170.0, 170.0 ],
   "grid_zero" : [ 523.9300537109375, 3169.729980468750 ],
   "hud_type" : 1,
   "map_generation" : 2,
   "map_max" : [ 4096.0, 4096.0 ],
   "map_min" : [ 0.0, 0.0 ],
   "valid" : true
}
