{
   "grid_size" : [ 1300.0, 1300.0 ],
   "grid_steps" : [ 180.0, 180.0 ],
   "grid_zero" : [ 191.8389892578125, 179.8720092773438 ],
   "hud_type" : 1,
   "map_generation" : 2,
   "map_max" : [ 1868.0, 438.0 ],
   "map_min" : [ -180.0, -1610.0 ],
   "valid" : true
}
