{
   "grid_size" : [ 131072.0156250, 131072.0156250 ],
   "grid_steps" : [ 16384.0019531250, 16384.0019531250 ],
   "grid_zero" : [ -65536.00781250, 65536.00781250 ],
   "hud_type" : 0,
   "map_generation" : 16,
   "map_max" : [ 65536.0, 65536.0 ],
   "map_min" : [ -65536.0, -65536.0 ],
   "valid" : true
}
