{
   "grid_size" : [ 1500.000122070312, 1500.000122070312 ],
   "grid_steps" : [ 200.0, 200.0 ],
   "grid_zero" : [ -908.100097656250, 655.6000366210938 ],
   "hud_type" : 1,
   "map_generation" : 2,
   "map_max" : [ 2048.0, 2048.0 ],
   "map_min" : [ -2048.0, -2048.0 ],
   "valid" : true
}
